,name,length,start,end,ref_start,ref_end,len_matches,len_aligned,cs_tag,n_mutations,lib_identity
0,M04586:215:000000000-CBMKV:1:1101:8720:1945,545,14,545,0,531,528,531,:88*cg*tg:196*tg:244,0,":88*cg*tg, :286*tg"
1,M04586:215:000000000-CBMKV:1:1101:17181:2492,545,14,545,0,531,529,531,:106*tc:7*ga:416,0,":114*ga, :106*tc"
2,M04586:215:000000000-CBMKV:1:1101:22014:1984,545,14,545,0,531,529,531,:231*ta:59*ca:239,0,":231*ta, :291*ca"
3,M04586:215:000000000-CBMKV:1:1101:15845:2066,545,14,545,0,531,527,531,:354*ta*tc:56*at*cg:117,0,":412*at*cg, :354*ta*tc"
4,M04586:215:000000000-CBMKV:1:1101:22182:2080,545,14,545,0,531,528,531,:178*ca*cg:111*ca:239,0,":178*ca*cg, :291*ca"
5,M04586:215:000000000-CBMKV:1:1101:16287:2161,545,14,545,0,531,527,531,:138*gt*at*tc:169*ag:220,0,":138*gt*at*tc, :310*ag"
6,M04586:215:000000000-CBMKV:1:1101:22681:2206,544,14,544,0,530,524,530,:342*gt*ag*gc:51*ac*ca*ac:131,0,":342*gt*ag*gc, :396*ac*ca*ac"
7,M04586:215:000000000-CBMKV:1:1101:9044:2237,545,14,545,0,531,525,531,:276*tg:63*ct*tc:102*ct*tg*gc:84,0,":276*tg, :444*ct*tg*gc, :340*ct*tc"
8,M04586:215:000000000-CBMKV:1:1101:9221:2249,545,14,545,0,531,528,531,:120*ga:1*cg:85*ag:322,0,":208*ag, :120*ga:1*cg"
9,M04586:215:000000000-CBMKV:1:1101:15371:2271,545,14,545,0,531,527,531,:155*ac:12*tc*ct*cg:360,0,":168*tc*ct*cg, :155*ac"
10,M04586:215:000000000-CBMKV:1:1101:10686:2323,544,13,544,0,531,528,531,:154*at*ag*ga:374,0,":156*ga, :154*at*ag"
11,M04586:215:000000000-CBMKV:1:1101:7850:2962,545,14,545,0,531,526,531,:75*ac*ag*cg:36*ga:129*tc:286,0,":244*tc, :114*ga, :75*ac*ag*cg"
12,M04586:215:000000000-CBMKV:1:1101:23891:3032,545,14,545,0,531,527,531,:81*ac*ga:64*gc:106*ac:276,0,":254*ac, :81*ac*ga, :147*gc"
13,M04586:215:000000000-CBMKV:1:1101:10063:2349,545,14,545,0,531,527,531,:180*ag:161*ga*at*gc:186,0,":342*ga*at*gc, :180*ag"
14,M04586:215:000000000-CBMKV:1:1101:19681:2374,545,14,545,0,531,525,531,:75*at*ag:145*ct*tg:2*ac:8*ac:295,0,":222*ct*tg, :226*ac, :75*at*ag, :235*ac"
15,M04586:215:000000000-CBMKV:1:1101:18737:2500,545,14,545,0,531,527,531,:369*ag*ac*tc:55*gc:103,0,":427*gc, :369*ag*ac*tc"
16,M04586:215:000000000-CBMKV:1:1101:17293:2668,545,14,545,0,531,528,531,:349*gt*cg:1*ga:178,0,":352*ga, :349*gt*cg"
17,M04586:215:000000000-CBMKV:1:1101:15809:2689,545,14,545,0,531,526,531,:183*tg*ga*cg:141*ac*tc:202,0,":327*ac*tc, :183*tg*ga*cg"
18,M04586:215:000000000-CBMKV:1:1101:21153:2706,545,14,545,0,531,528,531,:102*ac:1*ag:211*ag:214,0,":316*ag, :102*ac:1*ag"
19,M04586:215:000000000-CBMKV:1:1101:7356:3236,545,14,545,0,531,528,531,:129*ac*ca:62*ga:337,0,":129*ac*ca, :193*ga"
20,M04586:215:000000000-CBMKV:1:1101:15029:2761,545,14,545,0,531,528,531,:90*cg*ag:139*ta:299,0,":90*cg*ag, :231*ta"
21,M04586:215:000000000-CBMKV:1:1101:24942:2779,545,14,545,0,531,527,531,:174*ga*ga*cg:54*ta:299,0,":231*ta, :174*ga*ga*cg"
22,M04586:215:000000000-CBMKV:1:1101:14457:2786,545,14,545,0,531,527,531,:156*ga*ta*gc:212*tg:159,0,":156*ga*ta*gc, :371*tg"
23,M04586:215:000000000-CBMKV:1:1101:16230:3323,545,14,545,0,531,527,531,:74*cg:126*ag*ta*gc:327,0,":201*ag*ta*gc, :74*cg"
24,M04586:215:000000000-CBMKV:1:1101:7348:3068,545,14,545,0,531,528,531,:348*ga:92*ag:1*cg:87,0,":348*ga, :441*ag:1*cg"
25,M04586:215:000000000-CBMKV:1:1101:7967:3097,545,14,545,0,531,528,531,:322*ga:43*ga:1*ac:162,0,":322*ga, :366*ga:1*ac"
26,M04586:215:000000000-CBMKV:1:1101:20188:3407,545,14,545,0,531,527,531,:141*ga*tc*gc:45*ac:341,0,":141*ga*tc*gc, :189*ac"
27,M04586:215:000000000-CBMKV:1:1101:14945:3144,545,14,545,0,531,528,531,:98*ac:297*ag:1*ac:132,0,":98*ac, :396*ag:1*ac"
28,M04586:215:000000000-CBMKV:1:1101:24400:3186,545,14,545,0,531,526,531,:93*gt*cg:55*ga:4*ac:195*ga:179,0,":155*ac, :150*ga, :351*ga, :93*gt*cg"
29,M04586:215:000000000-CBMKV:1:1101:14552:2808,545,14,545,0,531,528,531,:74*cg:105*at*ag:349,0,":180*at*ag, :74*cg"
30,M04586:215:000000000-CBMKV:1:1101:24381:2840,545,14,545,0,531,529,531,:72*ga:96*ca:361,0,":169*ca, :72*ga"
31,M04586:215:000000000-CBMKV:1:1101:19876:2880,545,14,545,0,531,527,531,:198*tc*ag*cg:3*at:326,0,":204*at, :198*tc*ag*cg"
32,M04586:215:000000000-CBMKV:1:1101:24022:2910,545,14,545,0,531,528,531,:85*gc:25*gt*ca:418,0,":111*gt*ca, :85*gc"
33,M04586:215:000000000-CBMKV:1:1101:22797:2914,545,14,545,0,531,528,531,:270*ta*ta:10*cg:248,0,":282*cg, :270*ta*ta"
34,M04586:215:000000000-CBMKV:1:1101:20292:2926,545,14,545,0,531,525,531,:145*ag*gc:51*tc*ac:67*ct:79*ac:183,0,":347*ac, :145*ag*gc, :198*tc*ac, :267*ct"
35,M04586:215:000000000-CBMKV:1:1101:7601:2990,543,12,543,0,531,526,531,:357*ct*gt*gc:27*tg*ag:142,0,":387*tg*ag, :357*ct*gt*gc"
36,M04586:215:000000000-CBMKV:1:1101:14931:3834,545,14,545,0,531,528,531,:255*at:1*ag:93*gt:179,0,":255*at:1*ag, :351*gt"
37,M04586:215:000000000-CBMKV:1:1101:8013:3244,545,14,545,0,531,528,531,:342*gt:1*gc:27*ga:158,0,":342*gt:1*gc, :372*ga"
38,M04586:215:000000000-CBMKV:1:1101:8028:3253,545,14,545,0,531,527,531,:297*ca:44*gt:1*gc:27*ga:158,0,":342*gt:1*gc, :372*ga, :297*ca"
39,M04586:215:000000000-CBMKV:1:1101:10129:3255,544,13,544,0,531,528,531,:193*ga:236*cg*cg:99,0,":430*cg*cg, :193*ga"
40,M04586:215:000000000-CBMKV:1:1101:20405:3285,545,14,545,0,531,529,531,:140*tg:103*ta:286,0,":244*ta, :140*tg"
41,M04586:215:000000000-CBMKV:1:1101:24460:3448,545,14,545,0,531,528,531,:246*ag:1*cg:49*tg:232,0,":246*ag:1*cg, :298*tg"
42,M04586:215:000000000-CBMKV:1:1101:11655:3451,545,14,545,0,531,529,531,:207*gt:92*ac:230,0,":207*gt, :300*ac"
43,M04586:215:000000000-CBMKV:1:1101:5284:4115,545,14,545,0,531,525,531,:91*at*cg:39*ga:65*tc*at*cg:330,0,":132*ga, :198*tc*at*cg, :91*at*cg"
44,M04586:215:000000000-CBMKV:1:1101:13839:3644,545,14,545,0,531,527,531,:85*gt*cg:79*tc*gc:363,0,":166*tc*gc, :85*gt*cg"
45,M04586:215:000000000-CBMKV:1:1101:9368:3683,545,14,545,0,531,529,531,:324*tg:63*at:142,0,":388*at, :324*tg"
46,M04586:215:000000000-CBMKV:1:1101:10300:3748,545,14,545,0,531,528,531,:75*ac:1*cg:85*ga:367,0,":163*ga, :75*ac:1*cg"
47,M04586:215:000000000-CBMKV:1:1101:16439:3750,545,14,545,0,531,526,531,:267*ca*gt*gc:60*tg*tc:199,0,":267*ca*gt*gc, :330*tg*tc"
48,M04586:215:000000000-CBMKV:1:1101:14092:3888,545,14,545,0,531,526,531,:150*gc:89*gc:39*ca:19*ag:156*ca:73,0,":150*gc, :457*ca, :240*gc, :300*ag, :280*ca"
49,M04586:215:000000000-CBMKV:1:1101:25238:3890,545,14,545,0,531,529,531,:142*ta:158*ac:229,0,":142*ta, :301*ac"
50,M04586:215:000000000-CBMKV:1:1101:21234:3898,545,14,545,0,531,528,531,:259*gt:121*ct*ag:148,0,":381*ct*ag, :259*gt"
51,M04586:215:000000000-CBMKV:1:1101:23491:3781,544,13,544,0,531,529,531,:117*ga:113*ta:299,0,":231*ta, :117*ga"
52,M04586:215:000000000-CBMKV:1:1101:5647:3785,545,14,545,0,531,529,531,:215*ac:141*ct:173,0,":215*ac, :357*ct"
53,M04586:215:000000000-CBMKV:1:1101:21319:3790,545,14,545,0,531,528,531,:163*ga:19*tg*gc:346,0,":163*ga, :183*tg*gc"
54,M04586:215:000000000-CBMKV:1:1101:16724:4390,545,14,545,0,531,527,531,:78*tc:1*cg:93*ga:56*ta:299,0,":174*ga, :231*ta, :78*tc:1*cg"
55,M04586:215:000000000-CBMKV:1:1101:8414:4500,545,14,545,0,531,527,531,:186*ac*ta*cg:219*ga:122,0,":408*ga, :186*ac*ta*cg"
56,M04586:215:000000000-CBMKV:1:1101:23003:4004,545,14,545,0,531,526,531,:147*gt*ag*cg:36*ag*tg:343,0,":147*gt*ag*cg, :186*ag*tg"
57,M04586:215:000000000-CBMKV:1:1101:13898:4014,545,14,545,0,531,526,531,:99*ag*gc*ac:18*gt:24*at:385,0,":145*at, :120*gt, :99*ag*gc*ac"
58,M04586:215:000000000-CBMKV:1:1101:12104:4606,545,14,545,0,531,529,531,:106*tc:136*at:287,0,":243*at, :106*tc"
59,M04586:215:000000000-CBMKV:1:1101:20097:4615,545,14,545,0,531,528,531,:74*cg:111*ag*ta:343,0,":74*cg, :186*ag*ta"
60,M04586:215:000000000-CBMKV:1:1101:7491:4549,545,14,545,0,531,526,531,:351*ga*gt:64*ct*gt*gc:111,0,":417*ct*gt*gc, :351*ga*gt"
61,M04586:215:000000000-CBMKV:1:1101:22238:4552,545,14,545,0,531,526,531,:72*ga:269*gt*ag:52*ac:1*ac:132,0,":342*gt*ag, :72*ga, :396*ac:1*ac"
62,M04586:215:000000000-CBMKV:1:1101:21326:4165,545,14,545,0,531,529,531,:172*cg:58*ta:299,0,":231*ta, :172*cg"
63,M04586:215:000000000-CBMKV:1:1101:18153:4974,544,14,544,0,530,528,530,:286*tg:122*ga:120,0,":409*ga, :286*tg"
64,M04586:215:000000000-CBMKV:1:1101:18411:4288,545,14,545,0,531,528,531,:94*cg:55*gt*cg:379,0,":94*cg, :150*gt*cg"
65,M04586:215:000000000-CBMKV:1:1101:5572:4838,545,14,545,0,531,527,531,:244*tg:94*tg*cg*tc:189,0,":339*tg*cg*tc, :244*tg"
66,M04586:215:000000000-CBMKV:1:1101:19783:4648,545,14,545,0,531,528,531,:78*ta:1*cg:88*ca:361,0,":78*ta:1*cg, :169*ca"
67,M04586:215:000000000-CBMKV:1:1101:20324:5046,545,14,545,0,531,528,531,:93*ga:63*tg*gc:372,0,":157*tg*gc, :93*ga"
68,M04586:215:000000000-CBMKV:1:1101:7713:5084,545,14,545,0,531,529,531,:207*gt:92*ac:230,0,":207*gt, :300*ac"
69,M04586:215:000000000-CBMKV:1:1101:4779:4813,545,14,545,0,531,527,531,:82*ga:286*ag*ac*tc:159,0,":82*ga, :369*ag*ac*tc"
70,M04586:215:000000000-CBMKV:1:1101:17410:5256,545,14,545,0,531,527,531,:301*ac:115*ct*ga*gc:111,0,":301*ac, :417*ct*ga*gc"
71,M04586:215:000000000-CBMKV:1:1101:19036:4709,545,14,545,0,531,527,531,:72*gc*ag*cg:57*gt:398,0,":72*gc*ag*cg, :132*gt"
72,M04586:215:000000000-CBMKV:1:1101:5468:5142,545,14,545,0,531,529,531,:142*ta:1*ag:386,0,":142*ta, :144*ag"
73,M04586:215:000000000-CBMKV:1:1101:26122:5144,545,14,545,0,531,525,531,:114*gc:1*cg:36*at*at*ac:130*tg:244,0,":153*at*at*ac, :114*gc:1*cg, :286*tg"
74,M04586:215:000000000-CBMKV:1:1101:16902:5165,545,14,545,0,531,526,531,:360*ca:1*gc:54*cg*gc*gc:111,0,":360*ca:1*gc, :417*cg*gc*gc"
75,M04586:215:000000000-CBMKV:1:1101:4445:5207,545,14,545,0,531,527,531,:141*ga*tg*gc:3*ga:383,0,":141*ga*tg*gc, :147*ga"
76,M04586:215:000000000-CBMKV:1:1101:14211:5348,543,12,543,0,531,528,531,:82*ga:61*ac*ag:385,0,":82*ga, :144*ac*ag"
77,M04586:215:000000000-CBMKV:1:1101:13552:5393,545,14,545,0,531,529,531,:114*ga:324*ca:91,0,":114*ga, :439*ca"
78,M04586:215:000000000-CBMKV:1:1101:4937:5032,545,14,545,0,531,526,531,:369*at*at*tc:39*ga*ac:118,0,":369*at*at*tc, :411*ga*ac"
79,M04586:215:000000000-CBMKV:1:1101:21781:5639,545,14,545,0,531,527,531,:87*cg:1*tc:100*ac:70*ca:269,0,":87*cg:1*tc, :261*ca, :190*ac"
80,M04586:215:000000000-CBMKV:1:1101:8271:4881,545,14,545,0,531,526,531,:141*gc*ta*gc:42*ag:1*cg:342,0,":141*gc*ta*gc, :186*ag:1*cg"
81,M04586:215:000000000-CBMKV:1:1101:15641:5689,545,14,545,0,531,527,531,:415*ca*tg:15*ct*ag:97,0,":432*ct*ag, :415*ca*tg"
82,M04586:215:000000000-CBMKV:1:1101:21101:5275,545,14,545,0,531,528,531,:363*at:1*ac:69*ga:95,0,":363*at:1*ac, :435*ga"
83,M04586:215:000000000-CBMKV:1:1101:8659:5803,545,14,545,0,531,529,531,:115*ga:185*ac:229,0,":115*ga, :301*ac"
84,M04586:215:000000000-CBMKV:1:1101:10550:5806,545,14,545,0,531,528,531,:366*gc:1*ac:39*ga:122,0,":408*ga, :366*gc:1*ac"
85,M04586:215:000000000-CBMKV:1:1101:5061:5832,545,14,545,0,531,526,531,:348*gc*gc:62*at*cg:15*ca:101,0,":412*at*cg, :429*ca, :348*gc*gc"
86,M04586:215:000000000-CBMKV:1:1101:12950:5844,545,14,545,0,531,526,531,:393*tg*ca:61*gc*cg*cg:72,0,":393*tg*ca, :456*gc*cg*cg"
87,M04586:215:000000000-CBMKV:1:1101:11430:5844,545,14,545,0,531,526,531,:360*ca:1*gc:54*cg*gc*gc:111,0,":360*ca:1*gc, :417*cg*gc*gc"
88,M04586:215:000000000-CBMKV:1:1101:10426:5848,545,14,545,0,531,527,531,:129*ag*ct*cg:46*ca:352,0,":129*ag*ct*cg, :178*ca"
89,M04586:215:000000000-CBMKV:1:1101:16520:5870,545,14,545,0,531,529,531,:193*ga:37*ta:299,0,":231*ta, :193*ga"
90,M04586:215:000000000-CBMKV:1:1101:19065:5468,545,14,545,0,531,528,531,:74*cg:111*ag*ta:343,0,":74*cg, :186*ag*ta"
91,M04586:215:000000000-CBMKV:1:1101:5314:5473,545,14,545,0,531,527,531,:129*ac*ca*cg:99*ta:299,0,":231*ta, :129*ac*ca*cg"
92,M04586:215:000000000-CBMKV:1:1101:21871:5476,545,14,545,0,531,527,531,:144*at*ag:58*ag*ga:325,0,":144*at*ag, :204*ag*ga"
93,M04586:215:000000000-CBMKV:1:1101:14658:5484,545,14,545,0,531,527,531,:265*tg:47*ac:59*tg*gc:156,0,":373*tg*gc, :265*tg, :313*ac"
94,M04586:215:000000000-CBMKV:1:1101:25245:5904,545,14,545,0,531,527,531,:238*ca:28*ct*gt*gc:261,0,":238*ca, :267*ct*gt*gc"
95,M04586:215:000000000-CBMKV:1:1101:24495:5534,545,14,545,0,531,526,531,:203*gc*ag*ga:112*at:1*gc:210,0,":318*at:1*gc, :204*ag*ga, :203*gc"
96,M04586:215:000000000-CBMKV:1:1101:11728:5537,545,14,545,0,531,527,531,:262*tg:127*at*tg*cg:138,0,":262*tg, :390*at*tg*cg"
97,M04586:215:000000000-CBMKV:1:1101:5640:5949,545,14,545,0,531,527,531,:273*ct*ta*ac:45*ct:209,0,":321*ct, :273*ct*ta*ac"
98,M04586:215:000000000-CBMKV:1:1101:16227:5959,545,14,545,0,531,528,531,:297*ca:131*cg*cg:100,0,":429*cg*cg, :297*ca"
99,M04586:215:000000000-CBMKV:1:1101:19830:5582,545,14,545,0,531,527,531,:273*ct*ta*ac:45*ct:209,0,":321*ct, :273*ct*ta*ac"
100,M04586:215:000000000-CBMKV:1:1101:6581:5586,545,14,545,0,531,528,531,:292*tg:45*gc:32*tc:159,0,":292*tg, :371*tc, :338*gc"
101,M04586:215:000000000-CBMKV:1:1101:18141:5095,545,14,545,0,531,525,531,:342*gt*ag*gc:51*ac*ca*ac:132,0,":342*gt*ag*gc, :396*ac*ca*ac"
102,M04586:215:000000000-CBMKV:1:1101:19380:5745,545,14,545,0,531,528,531,:279*ag:72*gt*cg:177,0,":279*ag, :352*gt*cg"
103,M04586:215:000000000-CBMKV:1:1101:20176:5771,545,14,545,0,531,526,531,:360*ct*tg:64*ac*gt*cg:102,0,":426*ac*gt*cg, :360*ct*tg"
104,M04586:215:000000000-CBMKV:1:1101:11653:6085,545,14,545,0,531,529,531,:192*ga:188*cg:149,0,":192*ga, :381*cg"
105,M04586:215:000000000-CBMKV:1:1101:17966:6089,545,14,545,0,531,528,531,:348*ga:92*ag:1*cg:87,0,":348*ga, :441*ag:1*cg"
106,M04586:215:000000000-CBMKV:1:1101:8869:6112,545,14,545,0,531,528,531,:154*at*ag:75*ta:299,0,":231*ta, :154*at*ag"
107,M04586:215:000000000-CBMKV:1:1101:9270:6115,545,14,545,0,531,529,531,:234*ct:158*tc:137,0,":393*tc, :234*ct"
108,M04586:215:000000000-CBMKV:1:1101:8451:5716,545,14,545,0,531,528,531,:165*gt:1*gc:24*ga:338,0,":165*gt:1*gc, :192*ga"
109,M04586:215:000000000-CBMKV:1:1101:26191:6184,545,14,545,0,531,527,531,:114*ga*gt:49*gc*tg:364,0,":114*ga*gt, :165*gc*tg"
110,M04586:215:000000000-CBMKV:1:1101:19878:6045,545,14,545,0,531,528,531,:196*ag*gc:33*ta:299,0,":231*ta, :196*ag*gc"
111,M04586:215:000000000-CBMKV:1:1101:22118:6056,544,13,544,0,531,527,531,:238*ca:118*ct*ga*gc:171,0,":357*ct*ga*gc, :238*ca"
112,M04586:215:000000000-CBMKV:1:1101:25436:6497,545,14,545,0,531,527,531,:369*ag*ac*tc:55*gc:103,0,":427*gc, :369*ag*ac*tc"
113,M04586:215:000000000-CBMKV:1:1101:5507:5817,545,14,545,0,531,527,531,:177*ac*cg*cg:126*ac:224,0,":177*ac*cg*cg, :306*ac"
114,M04586:215:000000000-CBMKV:1:1101:25015:6243,545,14,545,0,531,526,531,:112*cg:31*ag:56*ag*tg*gc:327,0,":144*ag, :112*cg, :201*ag*tg*gc"
115,M04586:215:000000000-CBMKV:1:1101:18526:6281,545,14,545,0,531,526,531,:286*tg:5*tg:76*ac*ac*tc:159,0,":292*tg, :369*ac*ac*tc, :286*tg"
116,M04586:215:000000000-CBMKV:1:1101:20779:6283,545,14,545,0,531,528,531,:91*at*cg:57*ga:380,0,":91*at*cg, :150*ga"
117,M04586:215:000000000-CBMKV:1:1101:22118:6321,545,14,545,0,531,527,531,:105*gc*ta*cg:16*ta:406,0,":124*ta, :105*gc*ta*cg"
118,M04586:215:000000000-CBMKV:1:1101:9099:5996,545,14,545,0,531,528,531,:75*at*ag:113*ag:340,0,":190*ag, :75*at*ag"
119,M04586:215:000000000-CBMKV:1:1101:14771:6002,545,14,545,0,531,529,531,:352*ga:92*tg:85,0,":352*ga, :445*tg"
120,M04586:215:000000000-CBMKV:1:1101:8368:6358,545,14,545,0,531,527,531,:115*ga:275*tc:28*ac:1*cg:108,0,":115*ga, :420*ac:1*cg, :391*tc"
121,M04586:215:000000000-CBMKV:1:1101:6398:6668,545,14,545,0,531,526,531,:306*ac:47*tg:1*cg:78*gc*ag:94,0,":435*gc*ag, :306*ac, :354*tg:1*cg"
122,M04586:215:000000000-CBMKV:1:1101:12995:6681,545,14,545,0,531,527,531,:141*ga*tg*gc:3*ga:383,0,":141*ga*tg*gc, :147*ga"
123,M04586:215:000000000-CBMKV:1:1101:19926:6126,545,14,545,0,531,528,531,:405*ta*ga:35*tg:88,0,":405*ta*ga, :442*tg"
124,M04586:215:000000000-CBMKV:1:1101:9409:6529,545,14,545,0,531,526,531,:339*ta*cg*tc:84*at:1*cg:102,0,":426*at:1*cg, :339*ta*cg*tc"
125,M04586:215:000000000-CBMKV:1:1101:19917:6765,545,14,545,0,531,526,531,:258*ac*ga:58*ag*ag*gc:210,0,":258*ac*ga, :318*ag*ag*gc"
126,M04586:215:000000000-CBMKV:1:1101:4214:6766,545,14,545,0,531,523,531,:310*ac:22*ca:35*ac*at*tg:81*ca*cg*tc:75,0,":333*ca, :453*ca*cg*tc, :369*ac*at*tg, :310*ac"
127,M04586:215:000000000-CBMKV:1:1101:11220:6795,545,14,545,0,531,528,531,:130*ca*cg:105*ga:293,0,":237*ga, :130*ca*cg"
128,M04586:215:000000000-CBMKV:1:1101:4571:6882,545,14,545,0,531,527,531,:258*ac*gc:40*ag*ag:229,0,":300*ag*ag, :258*ac*gc"
129,M04586:215:000000000-CBMKV:1:1101:12204:6861,545,14,545,0,531,525,531,:342*gt*ag*gc:51*ac*ca*ac:132,0,":342*gt*ag*gc, :396*ac*ca*ac"
130,M04586:215:000000000-CBMKV:1:1101:19466:6868,545,14,545,0,531,529,531,:163*gc:133*ca:233,0,":163*gc, :297*ca"
131,M04586:215:000000000-CBMKV:1:1101:4196:6944,545,14,545,0,531,525,531,:198*tc*at*cg:91*tg:1*tg:15*ac:220,0,":292*tg, :198*tc*at*cg, :294*tg, :310*ac"
132,M04586:215:000000000-CBMKV:1:1101:20387:7303,545,14,545,0,531,528,531,:187*ta*cg:117*ac:224,0,":187*ta*cg, :306*ac"
133,M04586:215:000000000-CBMKV:1:1101:14941:6990,545,14,545,0,531,526,531,:219*gt*ca:70*ca:14*ac*ag:223,0,":219*gt*ca, :306*ac*ag, :291*ca"
134,M04586:215:000000000-CBMKV:1:1101:3916:7349,545,14,545,0,531,528,531,:292*tg:124*cg*ga:112,0,":417*cg*ga, :292*tg"
135,M04586:215:000000000-CBMKV:1:1101:6839:7352,545,14,545,0,531,526,531,:337*at*gc:33*ga*tg*gc:156,0,":372*ga*tg*gc, :337*at*gc"
136,M04586:215:000000000-CBMKV:1:1101:21471:7006,545,14,545,0,531,527,531,:180*ag*ac*gc:48*ta:299,0,":180*ag*ac*gc, :231*ta"
137,M04586:215:000000000-CBMKV:1:1101:25256:7030,545,14,545,0,531,527,531,:93*ga*cg:79*gc:1*cg:354,0,":93*ga*cg, :174*gc:1*cg"
138,M04586:215:000000000-CBMKV:1:1101:21345:6731,545,14,545,0,531,526,531,:342*ga*ag*gc:58*ct*tg:126,0,":342*ga*ag*gc, :403*ct*tg"
139,M04586:215:000000000-CBMKV:1:1101:21331:6746,545,14,545,0,531,526,531,:342*ga*ag*gc:58*ct*tg:126,0,":342*ga*ag*gc, :403*ct*tg"
140,M04586:215:000000000-CBMKV:1:1101:17039:7499,545,14,545,0,531,528,531,:348*ga:92*ag:1*cg:87,0,":348*ga, :441*ag:1*cg"
141,M04586:215:000000000-CBMKV:1:1101:26675:7327,545,14,545,0,531,528,531,:136*ca*ac:23*cg:369,0,":136*ca*ac, :161*cg"
142,M04586:215:000000000-CBMKV:1:1101:22860:7336,545,14,545,0,531,527,531,:87*ca*cg*tc:32*cg:408,0,":122*cg, :87*ca*cg*tc"
143,M04586:215:000000000-CBMKV:1:1101:15889:7554,545,14,545,0,531,525,531,:72*ga:23*ac*ga*ag:76*gt*cg:354,0,":175*gt*cg, :72*ga, :96*ac*ga*ag"
144,M04586:215:000000000-CBMKV:1:1101:13774:7554,545,14,545,0,531,527,531,:90*cg:1*cg:58*ct*cg:378,0,":151*ct*cg, :90*cg:1*cg"
145,M04586:215:000000000-CBMKV:1:1101:11552:7397,545,14,545,0,531,527,531,:150*ga:18*cg*cg:171*ga:188,0,":342*ga, :169*cg*cg, :150*ga"
146,M04586:215:000000000-CBMKV:1:1101:8869:7104,545,14,545,0,531,527,531,:145*ag*gc:51*tc*ac:331,0,":145*ag*gc, :198*tc*ac"
147,M04586:215:000000000-CBMKV:1:1101:7959:7525,544,13,544,0,531,527,531,:267*ct:128*at*ct*ac:132,0,":267*ct, :396*at*ct*ac"
148,M04586:215:000000000-CBMKV:1:1101:16080:7606,545,14,545,0,531,528,531,:357*cg*ga:39*ac:132,0,":398*ac, :357*cg*ga"
149,M04586:215:000000000-CBMKV:1:1101:18463:7617,545,14,545,0,531,525,531,:114*gt:17*ga:11*at*at*gc:45*ga:338,0,":192*ga, :144*at*at*gc, :132*ga, :114*gt"
150,M04586:215:000000000-CBMKV:1:1101:11171:7640,544,13,544,0,531,528,531,:182*gc:21*ag:26*ta:299,0,":231*ta, :204*ag, :182*gc"
151,M04586:215:000000000-CBMKV:1:1101:8270:7437,545,14,545,0,531,527,531,:226*at:142*ag*at*tg:159,0,":369*ag*at*tg, :226*at"
152,M04586:215:000000000-CBMKV:1:1101:15652:7438,545,14,545,0,531,528,531,:358*ga:23*at*cg:147,0,":382*at*cg, :358*ga"
153,M04586:215:000000000-CBMKV:1:1101:7999:7454,545,14,545,0,531,528,531,:132*ga*gt:48*gc:348,0,":132*ga*gt, :182*gc"
154,M04586:215:000000000-CBMKV:1:1101:9781:7486,544,14,544,0,530,523,530,:108*ct*tg:1*gc:53*gt:1*gc:147*ca:44*ca:169,0,":315*ca, :360*ca, :108*ct*tg, :165*gt:1*gc, :111*gc"
155,M04586:215:000000000-CBMKV:1:1101:9223:7719,545,14,545,0,531,527,531,:204*ag:8*gc*ga*ac:315,0,":213*gc*ga*ac, :204*ag"
156,M04586:215:000000000-CBMKV:1:1101:6685:7787,545,14,545,0,531,528,531,:147*gt*ag:194*at:187,0,":343*at, :147*gt*ag"
157,M04586:215:000000000-CBMKV:1:1101:6047:7745,545,14,545,0,531,529,531,:315*ca:5*ct:209,0,":321*ct, :315*ca"
158,M04586:215:000000000-CBMKV:1:1101:28281:7956,543,13,543,0,530,526,530,:195*gt*at*gc:33*ta:298,0,":195*gt*at*gc, :231*ta"
159,M04586:215:000000000-CBMKV:1:1101:14710:7590,545,14,545,0,531,528,531,:91*at*cg:76*ct:361,0,":169*ct, :91*at*cg"
160,M04586:215:000000000-CBMKV:1:1101:11427:7595,545,14,545,0,531,528,531,:93*ga:63*tg*gc:372,0,":157*tg*gc, :93*ga"
161,M04586:215:000000000-CBMKV:1:1101:14450:8103,545,14,545,0,531,524,531,:210*at:1*ac:39*ag*ga*ac:72*ag:1*cg:201,0,":252*ag*ga*ac, :327*ag:1*cg, :210*at:1*ac"
162,M04586:215:000000000-CBMKV:1:1101:20178:8107,545,14,545,0,531,527,531,:213*gt*ga*ac:170*ag:144,0,":386*ag, :213*gt*ga*ac"
163,M04586:215:000000000-CBMKV:1:1101:25354:8111,544,13,544,0,531,528,531,:91*at*cg:255*gt:182,0,":348*gt, :91*at*cg"
164,M04586:215:000000000-CBMKV:1:1101:14802:8425,545,14,545,0,531,527,531,:87*ct*cg*tc:57*gt:383,0,":87*ct*cg*tc, :147*gt"
165,M04586:215:000000000-CBMKV:1:1101:16016:7888,545,14,545,0,531,528,531,:105*gt:33*ac*tc:390,0,":105*gt, :139*ac*tc"
166,M04586:215:000000000-CBMKV:1:1101:5185:7905,545,14,545,0,531,526,531,:112*cg:31*ag:56*ag*tg*gc:327,0,":144*ag, :112*cg, :201*ag*tg*gc"
167,M04586:215:000000000-CBMKV:1:1101:22683:7828,545,14,545,0,531,528,531,:256*ga*ag:107*ac:165,0,":365*ac, :256*ga*ag"
168,M04586:215:000000000-CBMKV:1:1101:14245:7856,545,14,545,0,531,528,531,:136*ca*ag:153*ca:239,0,":136*ca*ag, :291*ca"
169,M04586:215:000000000-CBMKV:1:1101:25725:7987,545,14,545,0,531,528,531,:76*ag:68*ag*gc:384,0,":145*ag*gc, :76*ag"
170,M04586:215:000000000-CBMKV:1:1101:23344:8299,545,14,545,0,531,527,531,:352*ga*cg:78*ca*ac:97,0,":352*ga*cg, :432*ca*ac"
171,M04586:215:000000000-CBMKV:1:1101:18426:7206,545,14,545,0,531,527,531,:234*ca:1*cg*ga:82*gc:210,0,":320*gc, :234*ca:1*cg, :237*ga"
172,M04586:215:000000000-CBMKV:1:1101:4509:7220,545,14,545,0,531,527,531,:128*ac:63*gc*gt*cg:336,0,":128*ac, :192*gc*gt*cg"
173,M04586:215:000000000-CBMKV:1:1101:7648:8186,545,14,545,0,531,528,531,:89*tc:63*ac:1*ag:375,0,":89*tc, :153*ac:1*ag"
174,M04586:215:000000000-CBMKV:1:1101:28496:8542,545,14,545,0,531,525,531,:96*at*ga*ac:63*ag*ga:33*gc:333,0,":96*at*ga*ac, :162*ag*ga, :197*gc"
175,M04586:215:000000000-CBMKV:1:1101:26366:8545,545,14,545,0,531,528,531,:348*ga:92*ag:1*cg:87,0,":348*ga, :441*ag:1*cg"
176,M04586:215:000000000-CBMKV:1:1101:3636:8141,545,14,545,0,531,527,531,:74*cg:126*ag*ta*gc:327,0,":201*ag*ta*gc, :74*cg"
177,M04586:215:000000000-CBMKV:1:1101:24654:8172,545,14,545,0,531,529,531,:400*gt:41*ta:88,0,":400*gt, :442*ta"
178,M04586:215:000000000-CBMKV:1:1101:12581:8580,545,14,545,0,531,528,531,:132*ga*ga:257*tc:139,0,":132*ga*ga, :391*tc"
179,M04586:215:000000000-CBMKV:1:1101:24281:8072,545,14,545,0,531,526,531,:150*gc*cg*cg:31*ga:128*ac:217,0,":150*gc*cg*cg, :184*ga, :313*ac"
180,M04586:215:000000000-CBMKV:1:1101:18654:8646,545,14,545,0,531,523,531,:292*tg:49*gt*ag*gc:10*tg:40*ac*ca*ac:132,0,":342*gt*ag*gc, :396*ac*ca*ac, :292*tg, :355*tg"
181,M04586:215:000000000-CBMKV:1:1101:10693:8484,544,13,544,0,531,525,531,:90*ca*at*cg:78*ac*ct*cg:357,0,":90*ca*at*cg, :171*ac*ct*cg"
182,M04586:215:000000000-CBMKV:1:1101:13675:8736,545,14,545,0,531,528,531,:234*cg:1*cg:121*ga:172,0,":358*ga, :234*cg:1*cg"
183,M04586:215:000000000-CBMKV:1:1101:27197:8740,545,14,545,0,531,528,531,:82*ga:61*ac*ag:385,0,":82*ga, :144*ac*ag"
184,M04586:215:000000000-CBMKV:1:1101:19989:8740,545,14,545,0,531,525,531,:117*ga:1*gc:84*ag:44*ac*ga*cg:279,0,":249*ac*ga*cg, :204*ag, :117*ga:1*gc"
185,M04586:215:000000000-CBMKV:1:1101:2537:8790,545,14,545,0,531,525,531,:225*at*ag*cg:48*ta*at*cg:252,0,":225*at*ag*cg, :276*ta*at*cg"
186,M04586:215:000000000-CBMKV:1:1101:20614:8311,545,14,545,0,531,528,531,:201*ag*ta:28*ta:299,0,":231*ta, :201*ag*ta"
187,M04586:215:000000000-CBMKV:1:1101:6712:8936,545,14,545,0,531,527,531,:204*ag:8*gc*ga*ac:315,0,":213*gc*ga*ac, :204*ag"
188,M04586:215:000000000-CBMKV:1:1101:21236:8612,545,14,545,0,531,525,531,:238*ca:47*tg:4*ca:36*tg:40*ag:1*tg:159,0,":369*ag:1*tg, :286*tg, :291*ca, :328*tg, :238*ca"
189,M04586:215:000000000-CBMKV:1:1101:17592:8616,545,14,545,0,531,528,531,:91*at*cg:76*ct:361,0,":169*ct, :91*at*cg"
190,M04586:215:000000000-CBMKV:1:1101:25433:9006,545,14,545,0,531,527,531,:286*tg:82*ac*ac*tc:159,0,":369*ac*ac*tc, :286*tg"
191,M04586:215:000000000-CBMKV:1:1101:7799:8661,545,14,545,0,531,528,531,:310*ag:61*ga*ta:157,0,":372*ga*ta, :310*ag"
192,M04586:215:000000000-CBMKV:1:1101:5672:8722,545,14,545,0,531,528,531,:78*ta:1*cg:88*ca:361,0,":78*ta:1*cg, :169*ca"
193,M04586:215:000000000-CBMKV:1:1101:17578:9101,545,14,545,0,531,528,531,:144*ac:1*gc:91*ca:292,0,":238*ca, :144*ac:1*gc"
194,M04586:215:000000000-CBMKV:1:1101:10123:8807,545,14,545,0,531,527,531,:153*ac*ac*ac:75*ta:299,0,":153*ac*ac*ac, :231*ta"
195,M04586:215:000000000-CBMKV:1:1101:24430:8813,545,14,545,0,531,527,531,:240*ga:107*ga*ga*cg:180,0,":240*ga, :348*ga*ga*cg"
196,M04586:215:000000000-CBMKV:1:1101:10816:8876,545,14,545,0,531,528,531,:196*at:34*ta:60*tg:238,0,":292*tg, :231*ta, :196*at"
197,M04586:215:000000000-CBMKV:1:1101:23262:9263,545,14,545,0,531,528,531,:348*ga:92*ag:1*cg:87,0,":348*ga, :441*ag:1*cg"
198,M04586:215:000000000-CBMKV:1:1101:9278:9271,545,14,545,0,531,525,531,:310*ac:76*tg*ac:22*ga*at*cg:117,0,":411*ga*at*cg, :387*tg*ac, :310*ac"
199,M04586:215:000000000-CBMKV:1:1101:14327:9389,545,14,545,0,531,525,531,:225*ag*at*cg:93*ca*gc*gc:207,0,":225*ag*at*cg, :321*ca*gc*gc"
200,M04586:215:000000000-CBMKV:1:1101:19117:9390,545,14,545,0,531,526,531,:337*at*gc:33*ga*tg*gc:156,0,":372*ga*tg*gc, :337*at*gc"
201,M04586:215:000000000-CBMKV:1:1101:3281:9439,545,14,545,0,531,528,531,:398*ac:42*ac:1*cg:87,0,":398*ac, :441*ac:1*cg"
202,M04586:215:000000000-CBMKV:1:1101:19978:9441,545,14,545,0,531,528,531,:159*ac*ta:130*ca:239,0,":159*ac*ta, :291*ca"
203,M04586:215:000000000-CBMKV:1:1101:11625:9078,545,14,545,0,531,529,531,:137*ac:37*ga:355,0,":175*ga, :137*ac"
204,M04586:215:000000000-CBMKV:1:1101:9524:9489,545,14,545,0,531,526,531,:72*ga*ag:218*ta:49*ga:9*ga:178,0,":72*ga*ag, :352*ga, :342*ga, :292*ta"
205,M04586:215:000000000-CBMKV:1:1101:9814:9117,545,14,545,0,531,528,531,:103*ac*ac:99*at:326,0,":204*at, :103*ac*ac"
206,M04586:215:000000000-CBMKV:1:1101:5040:9119,545,14,545,0,531,529,531,:115*gc:73*ac:341,0,":115*gc, :189*ac"
207,M04586:215:000000000-CBMKV:1:1101:21563:9156,545,14,545,0,531,526,531,:267*ca*gt*gc:60*tg*tc:199,0,":267*ca*gt*gc, :330*tg*tc"
208,M04586:215:000000000-CBMKV:1:1101:12762:9165,545,14,545,0,531,529,531,:244*tg:86*ta:199,0,":331*ta, :244*tg"
209,M04586:215:000000000-CBMKV:1:1101:18964:9167,545,14,545,0,531,528,531,:115*ga:28*ac*ag:385,0,":115*ga, :144*ac*ag"
210,M04586:215:000000000-CBMKV:1:1101:5734:9167,545,14,545,0,531,527,531,:141*ga*ta*gc:51*ga:335,0,":141*ga*ta*gc, :195*ga"
211,M04586:215:000000000-CBMKV:1:1101:23079:9572,545,14,545,0,531,527,531,:345*ac*gc*ac:43*tc:139,0,":391*tc, :345*ac*gc*ac"
212,M04586:215:000000000-CBMKV:1:1101:22061:9211,544,13,544,0,531,528,531,:286*tg:160*ga:1*ag:81,0,":447*ga:1*ag, :286*tg"
213,M04586:215:000000000-CBMKV:1:1101:5297:9327,545,14,545,0,531,527,531,:291*ca:137*ct*cg*cg:99,0,":429*ct*cg*cg, :291*ca"
214,M04586:215:000000000-CBMKV:1:1101:25771:9345,545,14,545,0,531,527,531,:120*ga*ta:58*ag:125*ac:224,0,":120*ga*ta, :180*ag, :306*ac"
215,M04586:215:000000000-CBMKV:1:1101:7602:9348,545,16,545,2,531,525,529,:129*ag:35*ga*tg*gc:363,0,":129*ag, :165*ga*tg*gc"
216,M04586:215:000000000-CBMKV:1:1101:13668:9726,545,14,545,0,531,527,531,:297*ca:80*ta*tg*tc:150,0,":378*ta*tg*tc, :297*ca"
217,M04586:215:000000000-CBMKV:1:1101:15733:9731,545,14,545,0,531,528,531,:109*tg:91*ag*ta:328,0,":201*ag*ta, :109*tg"
218,M04586:215:000000000-CBMKV:1:1101:6448:9789,545,14,545,0,531,527,531,:352*ga:58*ga:3*ca*tc:114,0,":352*ga, :415*ca*tc, :411*ga"
219,M04586:215:000000000-CBMKV:1:1101:18530:9450,545,14,545,0,531,529,531,:291*ca:26*ac:212,0,":318*ac, :291*ca"
220,M04586:215:000000000-CBMKV:1:1101:27626:9871,545,14,545,0,531,528,531,:391*tc:28*ac:1*cg:108,0,":420*ac:1*cg, :391*tc"
221,M04586:215:000000000-CBMKV:1:1101:23194:9890,545,14,545,0,531,526,531,:342*ga*ag*gc:58*ct*tg:126,0,":342*ga*ag*gc, :403*ct*tg"
222,M04586:215:000000000-CBMKV:1:1101:21930:9896,545,14,545,0,531,528,531,:81*ac*gc:163*at:284,0,":81*ac*gc, :246*at"
223,M04586:215:000000000-CBMKV:1:1101:28772:9547,545,14,545,0,531,526,531,:294*tg:5*ac:113*ga*ca*tg:114,0,":414*ga*ca*tg, :294*tg, :300*ac"
224,M04586:215:000000000-CBMKV:1:1101:19579:9557,545,14,545,0,531,527,531,:144*at*ag:58*ag*ga:325,0,":144*at*ag, :204*ag*ga"
225,M04586:215:000000000-CBMKV:1:1101:26974:9605,545,14,545,0,531,527,531,:114*gt:1*cg:75*gc:1*cg:336,0,":114*gt:1*cg, :192*gc:1*cg"
226,M04586:215:000000000-CBMKV:1:1101:25961:9610,545,14,545,0,531,526,531,:348*gc*gc:62*at*cg:15*ca:101,0,":412*at*cg, :429*ca, :348*gc*gc"
227,M04586:215:000000000-CBMKV:1:1101:26896:9973,545,14,545,0,531,528,531,:366*gc:1*ag:29*ac:132,0,":398*ac, :366*gc:1*ag"
228,M04586:215:000000000-CBMKV:1:1101:8788:9978,545,14,545,0,531,528,531,:115*ga:55*at*ca:358,0,":115*ga, :171*at*ca"
229,M04586:215:000000000-CBMKV:1:1101:25316:9988,545,16,545,2,531,524,529,:219*gt*ca:85*ac*ag:131*ca:91,0,":219*gt*ca, :306*ac*ag, :439*ca"
230,M04586:215:000000000-CBMKV:1:1101:8000:9659,544,13,544,0,531,526,531,:90*ct*ag*cg:87*at*ag:349,0,":180*at*ag, :90*ct*ag*cg"
231,M04586:215:000000000-CBMKV:1:1101:9600:9695,543,12,543,0,531,528,531,:72*ga*ac:106*ag:350,0,":180*ag, :72*ga*ac"
232,M04586:215:000000000-CBMKV:1:1101:4156:9698,545,14,545,0,531,527,531,:102*ag:1*ag:93*tc*ac:331,0,":102*ag:1*ag, :198*tc*ac"
233,M04586:215:000000000-CBMKV:1:1101:12188:9751,545,14,545,0,531,526,531,:393*ta*ca:61*gc*cg*cg:72,0,":393*ta*ca, :456*gc*cg*cg"
234,M04586:215:000000000-CBMKV:1:1101:7359:9760,545,14,545,0,531,526,531,:155*ac:12*tc*ct*cg:63*ct:296,0,":168*tc*ct*cg, :234*ct, :155*ac"
235,M04586:215:000000000-CBMKV:1:1101:10754:10140,545,14,545,0,531,528,531,:300*ac:7*gc:82*tc:139,0,":300*ac, :308*gc, :391*tc"
236,M04586:215:000000000-CBMKV:1:1101:21985:10189,545,14,545,0,531,526,531,:366*ga*ag*ac:24*tc:17*ga:119,0,":366*ga*ag*ac, :411*ga, :393*tc"
237,M04586:215:000000000-CBMKV:1:1101:15187:9838,545,14,545,0,531,527,531,:90*cg:1*cg:27*ga:1*cg:408,0,":90*cg:1*cg, :120*ga:1*cg"
238,M04586:215:000000000-CBMKV:1:1101:25143:9845,545,14,545,0,531,528,531,:298*tg:85*ca:1*ag:144,0,":298*tg, :384*ca:1*ag"
239,M04586:215:000000000-CBMKV:1:1101:28421:10252,545,14,545,0,531,528,531,:226*at:73*at:15*ag:214,0,":300*at, :316*ag, :226*at"
240,M04586:215:000000000-CBMKV:1:1101:17547:10263,545,14,545,0,531,528,531,:93*ga*ct:136*tg:299,0,":231*tg, :93*ga*ct"
241,M04586:215:000000000-CBMKV:1:1101:25495:9913,545,14,545,0,531,528,531,:345*ag:1*ac:101*ag:81,0,":449*ag, :345*ag:1*ac"
242,M04586:215:000000000-CBMKV:1:1101:28213:10322,545,14,545,0,531,528,531,:140*tg:18*ag*tg:370,0,":140*tg, :159*ag*tg"
243,M04586:215:000000000-CBMKV:1:1101:4164:9947,545,14,545,0,531,527,531,:246*at*tg*cg:42*ca:239,0,":246*at*tg*cg, :291*ca"
244,M04586:215:000000000-CBMKV:1:1101:3263:9960,545,14,545,0,531,528,531,:144*ac:30*ga*cg:354,0,":175*ga*cg, :144*ac"
245,M04586:215:000000000-CBMKV:1:1101:16139:10354,545,14,545,0,531,529,531,:343*at:7*gt:179,0,":343*at, :351*gt"
246,M04586:215:000000000-CBMKV:1:1101:5101:10011,545,14,545,0,531,528,531,:294*tg:143*ca*cg:91,0,":294*tg, :438*ca*cg"
247,M04586:215:000000000-CBMKV:1:1101:12754:10387,545,14,545,0,531,527,531,:135*ac*ct*ag:163*ac:229,0,":135*ac*ct*ag, :301*ac"
248,M04586:215:000000000-CBMKV:1:1101:26302:10440,545,14,545,0,531,528,531,:154*at*ag:75*ta:299,0,":231*ta, :154*at*ag"
249,M04586:215:000000000-CBMKV:1:1101:3906:10443,545,14,545,0,531,526,531,:147*ga*at*cg:147*ca:50*gt:182,0,":147*ga*at*cg, :348*gt, :297*ca"
250,M04586:215:000000000-CBMKV:1:1101:11921:10217,545,14,545,0,531,527,531,:297*ca:56*tg*ta*cg:174,0,":354*tg*ta*cg, :297*ca"
251,M04586:215:000000000-CBMKV:1:1101:10084:10611,545,14,545,0,531,528,531,:72*gt*at:284*ga:172,0,":72*gt*at, :358*ga"
252,M04586:215:000000000-CBMKV:1:1101:5703:10635,545,14,545,0,531,527,531,:153*ag*ag*ac:75*ta:299,0,":231*ta, :153*ag*ag*ac"
253,M04586:215:000000000-CBMKV:1:1101:11323:10665,545,14,545,0,531,527,531,:75*at*ag*cg:90*ta:362,0,":75*at*ag*cg, :168*ta"
254,M04586:215:000000000-CBMKV:1:1101:21192:10678,545,14,545,0,531,527,531,:91*ag*cg:114*gt:42*gt:280,0,":207*gt, :91*ag*cg, :250*gt"
255,M04586:215:000000000-CBMKV:1:1101:6096:10718,545,14,545,0,531,528,531,:171*at*cg:59*ga:298,0,":171*at*cg, :232*ga"
256,M04586:215:000000000-CBMKV:1:1101:13099:10735,545,14,545,0,531,527,531,:294*tg:113*gc*ga*cg:120,0,":294*tg, :408*gc*ga*cg"
257,M04586:215:000000000-CBMKV:1:1101:25831:10368,545,14,545,0,531,526,531,:115*ga:34*ga:5*gt*ta*gc:372,0,":115*ga, :156*gt*ta*gc, :150*ga"
258,M04586:215:000000000-CBMKV:1:1101:24246:10780,545,14,545,0,531,527,531,:90*ct*ag:225*gc:31*ga:181,0,":317*gc, :349*ga, :90*ct*ag"
259,M04586:215:000000000-CBMKV:1:1101:8999:10781,545,14,545,0,531,528,531,:417*cg*gt:16*ga:95,0,":435*ga, :417*cg*gt"
260,M04586:215:000000000-CBMKV:1:1101:26017:10785,545,14,545,0,531,525,531,:345*at*gt*ac:102*ga*at*ag:78,0,":345*at*gt*ac, :450*ga*at*ag"
261,M04586:215:000000000-CBMKV:1:1101:19839:10787,545,14,545,0,531,528,531,:81*ag:57*at*tg:390,0,":139*at*tg, :81*ag"
262,M04586:215:000000000-CBMKV:1:1101:2234:10813,545,14,545,0,531,527,531,:89*tc:177*ca*gc*gc:261,0,":267*ca*gc*gc, :89*tc"
263,M04586:215:000000000-CBMKV:1:1101:2750:10826,545,14,545,0,531,528,531,:313*ag:76*ag*tc:139,0,":313*ag, :390*ag*tc"
264,M04586:215:000000000-CBMKV:1:1101:10054:10895,545,14,545,0,531,526,531,:87*cg*cg*tc:102*ga*gt:337,0,":192*ga*gt, :87*cg*cg*tc"
265,M04586:215:000000000-CBMKV:1:1101:13713:10584,545,14,545,0,531,529,531,:109*ta:121*ta:299,0,":109*ta, :231*ta"
266,M04586:215:000000000-CBMKV:1:1101:18476:10605,545,14,545,0,531,527,531,:292*tg:67*ct*tg*gc:168,0,":292*tg, :360*ct*tg*gc"
267,M04586:215:000000000-CBMKV:1:1101:6506:11007,545,14,545,0,531,527,531,:172*ct:241*ga*cg*tc:114,0,":414*ga*cg*tc, :172*ct"
268,M04586:215:000000000-CBMKV:1:1101:13536:11021,545,14,545,0,531,527,531,:186*ac*ta*cg:3*ga:338,0,":192*ga, :186*ac*ta*cg"
269,M04586:215:000000000-CBMKV:1:1101:8771:10695,544,13,544,0,531,527,531,:111*ga:39*ca:37*ac:1*cg:339,0,":151*ca, :111*ga, :189*ac:1*cg"
270,M04586:215:000000000-CBMKV:1:1101:3312:10696,545,14,545,0,531,529,531,:286*tg:4*ca:239,0,":291*ca, :286*tg"
271,M04586:215:000000000-CBMKV:1:1101:2724:11062,545,14,545,0,531,527,531,:336*ag:1*gc:96*ga:1*gc:93,0,":435*ga:1*gc, :336*ag:1*gc"
272,M04586:215:000000000-CBMKV:1:1101:4099:11064,545,14,545,0,531,529,531,:208*ac:35*tg:286,0,":208*ac, :244*tg"
273,M04586:215:000000000-CBMKV:1:1101:16646:11065,545,14,545,0,531,527,531,:93*ga*ct:77*ct:119*tg:238,0,":292*tg, :172*ct, :93*ga*ct"
274,M04586:215:000000000-CBMKV:1:1101:4833:11076,545,14,545,0,531,527,531,:255*ag*ga*ag:39*ca:233,0,":255*ag*ga*ag, :297*ca"
275,M04586:215:000000000-CBMKV:1:1101:14575:11133,545,14,545,0,531,526,531,:78*tg*tg:22*ac:1*ag:126*ta:299,0,":231*ta, :78*tg*tg, :102*ac:1*ag"
276,M04586:215:000000000-CBMKV:1:1101:23125:11231,544,13,544,0,531,526,531,:87*cg*cg*tc:113*gc:93*ca:233,0,":203*gc, :297*ca, :87*cg*cg*tc"
277,M04586:215:000000000-CBMKV:1:1101:12595:11287,545,14,545,0,531,527,531,:414*ga*ca*tg:28*tg:85,0,":414*ga*ca*tg, :445*tg"
278,M04586:215:000000000-CBMKV:1:1101:27565:11313,545,14,545,0,531,527,531,:387*tg*ag:44*at*cg:96,0,":433*at*cg, :387*tg*ag"
279,M04586:215:000000000-CBMKV:1:1101:3643:11325,545,14,545,0,531,525,531,:363*at*ag*ac:75*ac*ta*cg:87,0,":441*ac*ta*cg, :363*at*ag*ac"
280,M04586:215:000000000-CBMKV:1:1101:25634:11328,545,14,545,0,531,526,531,:93*gc*cg*cg:26*cg*ac:407,0,":123*ac, :122*cg, :93*gc*cg*cg"
281,M04586:215:000000000-CBMKV:1:1101:8204:11245,544,18,544,5,531,522,526,:144*at:1*gc:178*ca:79*tg:125,0,":144*at:1*gc, :325*ca, :405*tg"
282,M04586:215:000000000-CBMKV:1:1101:6418:11254,545,14,545,0,531,528,531,:193*ga:37*ta:186*gt:112,0,":231*ta, :418*gt, :193*ga"
283,M04586:215:000000000-CBMKV:1:1101:4289:11260,545,14,545,0,531,528,531,:168*tc:35*ag:201*ga:124,0,":406*ga, :204*ag, :168*tc"
284,M04586:215:000000000-CBMKV:1:1101:15927:11354,545,14,545,0,531,528,531,:127*ca*ac:36*ga:365,0,":127*ca*ac, :165*ga"
285,M04586:215:000000000-CBMKV:1:1101:14683:11000,545,14,545,0,531,525,531,:72*ga:53*ac*ca*ac:51*at*ag:349,0,":180*at*ag, :72*ga, :126*ac*ca*ac"
286,M04586:215:000000000-CBMKV:1:1101:15481:11004,545,14,545,0,531,528,531,:88*ca*tg:95*cg:345,0,":88*ca*tg, :185*cg"
287,M04586:215:000000000-CBMKV:1:1101:27296:11097,545,14,545,0,531,527,531,:291*ca:2*tg:99*ca:31*at:104,0,":394*ca, :294*tg, :426*at, :291*ca"
288,M04586:215:000000000-CBMKV:1:1101:5932:11512,545,14,545,0,531,525,531,:78*tc*tg*cg:87*ta*ca*cg:360,0,":168*ta*ca*cg, :78*tc*tg*cg"
289,M04586:215:000000000-CBMKV:1:1101:12141:11523,545,14,545,0,531,527,531,:90*ca:102*ga:1*ga:35*ta:299,0,":90*ca, :231*ta, :195*ga, :193*ga"
290,M04586:215:000000000-CBMKV:1:1101:12441:11171,545,14,545,0,531,528,531,:270*tc*ta:10*cg:248,0,":282*cg, :270*tc*ta"
291,M04586:215:000000000-CBMKV:1:1101:19187:11192,545,14,545,0,531,525,531,:72*ga:74*gt*ag*cg:36*ag*tg:343,0,":147*gt*ag*cg, :186*ag*tg, :72*ga"
